SAMPLE_CODE;FROZEN_TUBE_CODE;ROWS_IN_TUBE;COLUMNS_IN_TUBE;SAMPLE_TEMP_CODE;FROZEN_TUBE_ID;FROZEN_BOX_POSITION_ID;TRANSHIP_BOX_ID;STOCK_IN_BOX_ID;MEMO;STATUS;CREATED_BY;LAST_MODIFIED_BY
 ; ;A;1;1494946117831-A1;1;1;1;1; ;2004;admin;admin
 ; ;A;2;1494946117831-A2;2;1;1;1; ;2004;admin;admin
 ; ;A;3;1494946117831-A3;3;1;1;1; ;2004;admin;admin
 ; ;A;4;1494946117831-A4;4;1;1;1; ;2004;admin;admin
 ; ;A;5;1494946117831-A5;5;1;1;1; ;2004;admin;admin
 ; ;A;6;1494946117831-A6;6;1;1;1; ;2004;admin;admin
 ; ;A;7;1494946117831-A7;7;1;1;1; ;2004;admin;admin
 ; ;A;8;1494946117831-A8;8;1;1;1; ;2004;admin;admin
 ; ;A;9;1494946117831-A9;9;1;1;1; ;2004;admin;admin
 ; ;A;10;1494946117831-A10;10;1;1;1; ;2004;admin;admin
 ; ;B;1;1494946117831-B1;11;1;1;1; ;2004;admin;admin
 ; ;B;2;1494946117831-B2;12;1;1;1; ;2004;admin;admin
 ; ;B;3;1494946117831-B3;13;1;1;1; ;2004;admin;admin
 ; ;B;4;1494946117831-B4;14;1;1;1; ;2004;admin;admin
 ; ;B;5;1494946117831-B5;15;1;1;1; ;2004;admin;admin
 ; ;B;6;1494946117831-B6;16;1;1;1; ;2004;admin;admin
 ; ;B;7;1494946117831-B7;17;1;1;1; ;2004;admin;admin
 ; ;B;8;1494946117831-B8;18;1;1;1; ;2004;admin;admin
 ; ;B;9;1494946117831-B9;19;1;1;1; ;2004;admin;admin
 ; ;B;10;1494946117831-B10;20;1;1;1; ;2004;admin;admin
 ; ;C;1;1494946117831-C1;21;1;1;1; ;2004;admin;admin
 ; ;C;2;1494946117831-C2;22;1;1;1; ;2004;admin;admin
 ; ;C;3;1494946117831-C3;23;1;1;1; ;2004;admin;admin
 ; ;C;4;1494946117831-C4;24;1;1;1; ;2004;admin;admin
 ; ;C;5;1494946117831-C5;25;1;1;1; ;2004;admin;admin
 ; ;C;6;1494946117831-C6;26;1;1;1; ;2004;admin;admin
 ; ;C;7;1494946117831-C7;27;1;1;1; ;2004;admin;admin
 ; ;C;8;1494946117831-C8;28;1;1;1; ;2004;admin;admin
 ; ;C;9;1494946117831-C9;29;1;1;1; ;2004;admin;admin
 ; ;C;10;1494946117831-C10;30;1;1;1; ;2004;admin;admin
 ; ;D;1;1494946117831-D1;31;1;1;1; ;2004;admin;admin
 ; ;D;2;1494946117831-D2;32;1;1;1; ;2004;admin;admin
 ; ;D;3;1494946117831-D3;33;1;1;1; ;2004;admin;admin
 ; ;D;4;1494946117831-D4;34;1;1;1; ;2004;admin;admin
 ; ;D;5;1494946117831-D5;35;1;1;1; ;2004;admin;admin
 ; ;D;6;1494946117831-D6;36;1;1;1; ;2004;admin;admin
 ; ;D;7;1494946117831-D7;37;1;1;1; ;2004;admin;admin
 ; ;D;8;1494946117831-D8;38;1;1;1; ;2004;admin;admin
 ; ;D;9;1494946117831-D9;39;1;1;1; ;2004;admin;admin
 ; ;D;10;1494946117831-D10;40;1;1;1; ;2004;admin;admin
 ; ;E;1;1494946117831-E1;41;1;1;1; ;2004;admin;admin
 ; ;E;2;1494946117831-E2;42;1;1;1; ;2004;admin;admin
 ; ;E;3;1494946117831-E3;43;1;1;1; ;2004;admin;admin
 ; ;E;4;1494946117831-E4;44;1;1;1; ;2004;admin;admin
 ; ;E;5;1494946117831-E5;45;1;1;1; ;2004;admin;admin
 ; ;E;6;1494946117831-E6;46;1;1;1; ;2004;admin;admin
 ; ;E;7;1494946117831-E7;47;1;1;1; ;2004;admin;admin
 ; ;E;8;1494946117831-E8;48;1;1;1; ;2004;admin;admin
 ; ;E;9;1494946117831-E9;49;1;1;1; ;2004;admin;admin
 ; ;E;10;1494946117831-E10;50;1;1;1; ;2004;admin;admin
 ; ;F;1;1494946117831-F1;51;1;1;1; ;2004;admin;admin
 ; ;F;2;1494946117831-F2;52;1;1;1; ;2004;admin;admin
 ; ;F;3;1494946117831-F3;53;1;1;1; ;2004;admin;admin
 ; ;F;4;1494946117831-F4;54;1;1;1; ;2004;admin;admin
 ; ;F;5;1494946117831-F5;55;1;1;1; ;2004;admin;admin
 ; ;F;6;1494946117831-F6;56;1;1;1; ;2004;admin;admin
 ; ;F;7;1494946117831-F7;57;1;1;1; ;2004;admin;admin
 ; ;F;8;1494946117831-F8;58;1;1;1; ;2004;admin;admin
 ; ;F;9;1494946117831-F9;59;1;1;1; ;2004;admin;admin
 ; ;F;10;1494946117831-F10;60;1;1;1; ;2004;admin;admin
 ; ;G;1;1494946117831-G1;61;1;1;1; ;2004;admin;admin
 ; ;G;2;1494946117831-G2;62;1;1;1; ;2004;admin;admin
 ; ;G;3;1494946117831-G3;63;1;1;1; ;2004;admin;admin
 ; ;G;4;1494946117831-G4;64;1;1;1; ;2004;admin;admin
 ; ;G;5;1494946117831-G5;65;1;1;1; ;2004;admin;admin
 ; ;G;6;1494946117831-G6;66;1;1;1; ;2004;admin;admin
 ; ;G;7;1494946117831-G7;67;1;1;1; ;2004;admin;admin
 ; ;G;8;1494946117831-G8;68;1;1;1; ;2004;admin;admin
 ; ;G;9;1494946117831-G9;69;1;1;1; ;2004;admin;admin
 ; ;G;10;1494946117831-G10;70;1;1;1; ;2004;admin;admin
 ; ;H;1;1494946117831-H1;71;1;1;1; ;2004;admin;admin
 ; ;H;2;1494946117831-H2;72;1;1;1; ;2004;admin;admin
 ; ;H;3;1494946117831-H3;73;1;1;1; ;2004;admin;admin
 ; ;H;4;1494946117831-H4;74;1;1;1; ;2004;admin;admin
 ; ;H;5;1494946117831-H5;75;1;1;1; ;2004;admin;admin
 ; ;H;6;1494946117831-H6;76;1;1;1; ;2004;admin;admin
 ; ;H;7;1494946117831-H7;77;1;1;1; ;2004;admin;admin
 ; ;H;8;1494946117831-H8;78;1;1;1; ;2004;admin;admin
 ; ;H;9;1494946117831-H9;79;1;1;1; ;2004;admin;admin
 ; ;H;10;1494946117831-H10;80;1;1;1; ;2004;admin;admin
 ; ;J;1;1494946117831-J1;81;1;1;1; ;2004;admin;admin
 ; ;J;2;1494946117831-J2;82;1;1;1; ;2004;admin;admin
 ; ;J;3;1494946117831-J3;83;1;1;1; ;2004;admin;admin
 ; ;J;4;1494946117831-J4;84;1;1;1; ;2004;admin;admin
 ; ;J;5;1494946117831-J5;85;1;1;1; ;2004;admin;admin
 ; ;J;6;1494946117831-J6;86;1;1;1; ;2004;admin;admin
 ; ;J;7;1494946117831-J7;87;1;1;1; ;2004;admin;admin
 ; ;J;8;1494946117831-J8;88;1;1;1; ;2004;admin;admin
 ; ;J;9;1494946117831-J9;89;1;1;1; ;2004;admin;admin
 ; ;J;10;1494946117831-J10;90;1;1;1; ;2004;admin;admin
 ; ;K;1;1494946117831-K1;91;1;1;1; ;2004;admin;admin
 ; ;K;2;1494946117831-K2;92;1;1;1; ;2004;admin;admin
 ; ;K;3;1494946117831-K3;93;1;1;1; ;2004;admin;admin
 ; ;K;4;1494946117831-K4;94;1;1;1; ;2004;admin;admin
 ; ;K;5;1494946117831-K5;95;1;1;1; ;2004;admin;admin
 ; ;K;6;1494946117831-K6;96;1;1;1; ;2004;admin;admin
 ; ;K;7;1494946117831-K7;97;1;1;1; ;2004;admin;admin
 ; ;K;8;1494946117831-K8;98;1;1;1; ;2004;admin;admin
 ; ;K;9;1494946117831-K9;99;1;1;1; ;2004;admin;admin
 ; ;K;10;1494946117831-K10;100;1;1;1; ;2004;admin;admin
 ; ;A;1;1494946109085-A1;101;2;2;2; ;2004;admin;admin
 ; ;A;2;1494946109085-A2;102;2;2;2; ;2004;admin;admin
 ; ;A;3;1494946109085-A3;103;2;2;2; ;2004;admin;admin
 ; ;A;4;1494946109085-A4;104;2;2;2; ;2004;admin;admin
 ; ;A;5;1494946109085-A5;105;2;2;2; ;2004;admin;admin
 ; ;A;6;1494946109085-A6;106;2;2;2; ;2004;admin;admin
 ; ;A;7;1494946109085-A7;107;2;2;2; ;2004;admin;admin
 ; ;A;8;1494946109085-A8;108;2;2;2; ;2004;admin;admin
 ; ;A;9;1494946109085-A9;109;2;2;2; ;2004;admin;admin
 ; ;A;10;1494946109085-A10;110;2;2;2; ;2004;admin;admin
 ; ;B;1;1494946109085-B1;111;2;2;2; ;2004;admin;admin
 ; ;B;2;1494946109085-B2;112;2;2;2; ;2004;admin;admin
 ; ;B;3;1494946109085-B3;113;2;2;2; ;2004;admin;admin
 ; ;B;4;1494946109085-B4;114;2;2;2; ;2004;admin;admin
 ; ;B;5;1494946109085-B5;115;2;2;2; ;2004;admin;admin
 ; ;B;6;1494946109085-B6;116;2;2;2; ;2004;admin;admin
 ; ;B;7;1494946109085-B7;117;2;2;2; ;2004;admin;admin
 ; ;B;8;1494946109085-B8;118;2;2;2; ;2004;admin;admin
 ; ;B;9;1494946109085-B9;119;2;2;2; ;2004;admin;admin
 ; ;B;10;1494946109085-B10;120;2;2;2; ;2004;admin;admin
 ; ;C;1;1494946109085-C1;121;2;2;2; ;2004;admin;admin
 ; ;C;2;1494946109085-C2;122;2;2;2; ;2004;admin;admin
 ; ;C;3;1494946109085-C3;123;2;2;2; ;2004;admin;admin
 ; ;C;4;1494946109085-C4;124;2;2;2; ;2004;admin;admin
 ; ;C;5;1494946109085-C5;125;2;2;2; ;2004;admin;admin
 ; ;C;6;1494946109085-C6;126;2;2;2; ;2004;admin;admin
 ; ;C;7;1494946109085-C7;127;2;2;2; ;2004;admin;admin
 ; ;C;8;1494946109085-C8;128;2;2;2; ;2004;admin;admin
 ; ;C;9;1494946109085-C9;129;2;2;2; ;2004;admin;admin
 ; ;C;10;1494946109085-C10;130;2;2;2; ;2004;admin;admin
 ; ;D;1;1494946109085-D1;131;2;2;2; ;2004;admin;admin
 ; ;D;2;1494946109085-D2;132;2;2;2; ;2004;admin;admin
 ; ;D;3;1494946109085-D3;133;2;2;2; ;2004;admin;admin
 ; ;D;4;1494946109085-D4;134;2;2;2; ;2004;admin;admin
 ; ;D;5;1494946109085-D5;135;2;2;2; ;2004;admin;admin
 ; ;D;6;1494946109085-D6;136;2;2;2; ;2004;admin;admin
 ; ;D;7;1494946109085-D7;137;2;2;2; ;2004;admin;admin
 ; ;D;8;1494946109085-D8;138;2;2;2; ;2004;admin;admin
 ; ;D;9;1494946109085-D9;139;2;2;2; ;2004;admin;admin
 ; ;D;10;1494946109085-D10;140;2;2;2; ;2004;admin;admin
 ; ;E;1;1494946109085-E1;141;2;2;2; ;2004;admin;admin
 ; ;E;2;1494946109085-E2;142;2;2;2; ;2004;admin;admin
 ; ;E;3;1494946109085-E3;143;2;2;2; ;2004;admin;admin
 ; ;E;4;1494946109085-E4;144;2;2;2; ;2004;admin;admin
 ; ;E;5;1494946109085-E5;145;2;2;2; ;2004;admin;admin
 ; ;E;6;1494946109085-E6;146;2;2;2; ;2004;admin;admin
 ; ;E;7;1494946109085-E7;147;2;2;2; ;2004;admin;admin
 ; ;E;8;1494946109085-E8;148;2;2;2; ;2004;admin;admin
 ; ;E;9;1494946109085-E9;149;2;2;2; ;2004;admin;admin
 ; ;E;10;1494946109085-E10;150;2;2;2; ;2004;admin;admin
 ; ;F;1;1494946109085-F1;151;2;2;2; ;2004;admin;admin
 ; ;F;2;1494946109085-F2;152;2;2;2; ;2004;admin;admin
 ; ;F;3;1494946109085-F3;153;2;2;2; ;2004;admin;admin
 ; ;F;4;1494946109085-F4;154;2;2;2; ;2004;admin;admin
 ; ;F;5;1494946109085-F5;155;2;2;2; ;2004;admin;admin
 ; ;F;6;1494946109085-F6;156;2;2;2; ;2004;admin;admin
 ; ;F;7;1494946109085-F7;157;2;2;2; ;2004;admin;admin
 ; ;F;8;1494946109085-F8;158;2;2;2; ;2004;admin;admin
 ; ;F;9;1494946109085-F9;159;2;2;2; ;2004;admin;admin
 ; ;F;10;1494946109085-F10;160;2;2;2; ;2004;admin;admin
 ; ;G;1;1494946109085-G1;161;2;2;2; ;2004;admin;admin
 ; ;G;2;1494946109085-G2;162;2;2;2; ;2004;admin;admin
 ; ;G;3;1494946109085-G3;163;2;2;2; ;2004;admin;admin
 ; ;G;4;1494946109085-G4;164;2;2;2; ;2004;admin;admin
 ; ;G;5;1494946109085-G5;165;2;2;2; ;2004;admin;admin
 ; ;G;6;1494946109085-G6;166;2;2;2; ;2004;admin;admin
 ; ;G;7;1494946109085-G7;167;2;2;2; ;2004;admin;admin
 ; ;G;8;1494946109085-G8;168;2;2;2; ;2004;admin;admin
 ; ;G;9;1494946109085-G9;169;2;2;2; ;2004;admin;admin
 ; ;G;10;1494946109085-G10;170;2;2;2; ;2004;admin;admin
 ; ;H;1;1494946109085-H1;171;2;2;2; ;2004;admin;admin
 ; ;H;2;1494946109085-H2;172;2;2;2; ;2004;admin;admin
 ; ;H;3;1494946109085-H3;173;2;2;2; ;2004;admin;admin
 ; ;H;4;1494946109085-H4;174;2;2;2; ;2004;admin;admin
 ; ;H;5;1494946109085-H5;175;2;2;2; ;2004;admin;admin
 ; ;H;6;1494946109085-H6;176;2;2;2; ;2004;admin;admin
 ; ;H;7;1494946109085-H7;177;2;2;2; ;2004;admin;admin
 ; ;H;8;1494946109085-H8;178;2;2;2; ;2004;admin;admin
 ; ;H;9;1494946109085-H9;179;2;2;2; ;2004;admin;admin
 ; ;H;10;1494946109085-H10;180;2;2;2; ;2004;admin;admin
 ; ;J;1;1494946109085-J1;181;2;2;2; ;2004;admin;admin
 ; ;J;2;1494946109085-J2;182;2;2;2; ;2004;admin;admin
 ; ;J;3;1494946109085-J3;183;2;2;2; ;2004;admin;admin
 ; ;J;4;1494946109085-J4;184;2;2;2; ;2004;admin;admin
 ; ;J;5;1494946109085-J5;185;2;2;2; ;2004;admin;admin
 ; ;J;6;1494946109085-J6;186;2;2;2; ;2004;admin;admin
 ; ;J;7;1494946109085-J7;187;2;2;2; ;2004;admin;admin
 ; ;J;8;1494946109085-J8;188;2;2;2; ;2004;admin;admin
 ; ;J;9;1494946109085-J9;189;2;2;2; ;2004;admin;admin
 ; ;J;10;1494946109085-J10;190;2;2;2; ;2004;admin;admin
 ; ;K;1;1494946109085-K1;191;2;2;2; ;2004;admin;admin
 ; ;K;2;1494946109085-K2;192;2;2;2; ;2004;admin;admin
 ; ;K;3;1494946109085-K3;193;2;2;2; ;2004;admin;admin
 ; ;K;4;1494946109085-K4;194;2;2;2; ;2004;admin;admin
 ; ;K;5;1494946109085-K5;195;2;2;2; ;2004;admin;admin
 ; ;K;6;1494946109085-K6;196;2;2;2; ;2004;admin;admin
 ; ;K;7;1494946109085-K7;197;2;2;2; ;2004;admin;admin
 ; ;K;8;1494946109085-K8;198;2;2;2; ;2004;admin;admin
 ; ;K;9;1494946109085-K9;199;2;2;2; ;2004;admin;admin
 ; ;K;10;1494946109085-K10;200;2;2;2; ;2004;admin;admin
 ; ;A;1;1494946103498-A1;201;3;3;3; ;2004;admin;admin
 ; ;A;2;1494946103498-A2;202;3;3;3; ;2004;admin;admin
 ; ;A;3;1494946103498-A3;203;3;3;3; ;2004;admin;admin
 ; ;A;4;1494946103498-A4;204;3;3;3; ;2004;admin;admin
 ; ;A;5;1494946103498-A5;205;3;3;3; ;2004;admin;admin
 ; ;A;6;1494946103498-A6;206;3;3;3; ;2004;admin;admin
 ; ;A;7;1494946103498-A7;207;3;3;3; ;2004;admin;admin
 ; ;A;8;1494946103498-A8;208;3;3;3; ;2004;admin;admin
 ; ;A;9;1494946103498-A9;209;3;3;3; ;2004;admin;admin
 ; ;A;10;1494946103498-A10;210;3;3;3; ;2004;admin;admin
 ; ;B;1;1494946103498-B1;211;3;3;3; ;2004;admin;admin
 ; ;B;2;1494946103498-B2;212;3;3;3; ;2004;admin;admin
 ; ;B;3;1494946103498-B3;213;3;3;3; ;2004;admin;admin
 ; ;B;4;1494946103498-B4;214;3;3;3; ;2004;admin;admin
 ; ;B;5;1494946103498-B5;215;3;3;3; ;2004;admin;admin
 ; ;B;6;1494946103498-B6;216;3;3;3; ;2004;admin;admin
 ; ;B;7;1494946103498-B7;217;3;3;3; ;2004;admin;admin
 ; ;B;8;1494946103498-B8;218;3;3;3; ;2004;admin;admin
 ; ;B;9;1494946103498-B9;219;3;3;3; ;2004;admin;admin
 ; ;B;10;1494946103498-B10;220;3;3;3; ;2004;admin;admin
 ; ;C;1;1494946103498-C1;221;3;3;3; ;2004;admin;admin
 ; ;C;2;1494946103498-C2;222;3;3;3; ;2004;admin;admin
 ; ;C;3;1494946103498-C3;223;3;3;3; ;2004;admin;admin
 ; ;C;4;1494946103498-C4;224;3;3;3; ;2004;admin;admin
 ; ;C;5;1494946103498-C5;225;3;3;3; ;2004;admin;admin
 ; ;C;6;1494946103498-C6;226;3;3;3; ;2004;admin;admin
 ; ;C;7;1494946103498-C7;227;3;3;3; ;2004;admin;admin
 ; ;C;8;1494946103498-C8;228;3;3;3; ;2004;admin;admin
 ; ;C;9;1494946103498-C9;229;3;3;3; ;2004;admin;admin
 ; ;C;10;1494946103498-C10;230;3;3;3; ;2004;admin;admin
 ; ;D;1;1494946103498-D1;231;3;3;3; ;2004;admin;admin
 ; ;D;2;1494946103498-D2;232;3;3;3; ;2004;admin;admin
 ; ;D;3;1494946103498-D3;233;3;3;3; ;2004;admin;admin
 ; ;D;4;1494946103498-D4;234;3;3;3; ;2004;admin;admin
 ; ;D;5;1494946103498-D5;235;3;3;3; ;2004;admin;admin
 ; ;D;6;1494946103498-D6;236;3;3;3; ;2004;admin;admin
 ; ;D;7;1494946103498-D7;237;3;3;3; ;2004;admin;admin
 ; ;D;8;1494946103498-D8;238;3;3;3; ;2004;admin;admin
 ; ;D;9;1494946103498-D9;239;3;3;3; ;2004;admin;admin
 ; ;D;10;1494946103498-D10;240;3;3;3; ;2004;admin;admin
 ; ;E;1;1494946103498-E1;241;3;3;3; ;2004;admin;admin
 ; ;E;2;1494946103498-E2;242;3;3;3; ;2004;admin;admin
 ; ;E;3;1494946103498-E3;243;3;3;3; ;2004;admin;admin
 ; ;E;4;1494946103498-E4;244;3;3;3; ;2004;admin;admin
 ; ;E;5;1494946103498-E5;245;3;3;3; ;2004;admin;admin
 ; ;E;6;1494946103498-E6;246;3;3;3; ;2004;admin;admin
 ; ;E;7;1494946103498-E7;247;3;3;3; ;2004;admin;admin
 ; ;E;8;1494946103498-E8;248;3;3;3; ;2004;admin;admin
 ; ;E;9;1494946103498-E9;249;3;3;3; ;2004;admin;admin
 ; ;E;10;1494946103498-E10;250;3;3;3; ;2004;admin;admin
 ; ;F;1;1494946103498-F1;251;3;3;3; ;2004;admin;admin
 ; ;F;2;1494946103498-F2;252;3;3;3; ;2004;admin;admin
 ; ;F;3;1494946103498-F3;253;3;3;3; ;2004;admin;admin
 ; ;F;4;1494946103498-F4;254;3;3;3; ;2004;admin;admin
 ; ;F;5;1494946103498-F5;255;3;3;3; ;2004;admin;admin
 ; ;F;6;1494946103498-F6;256;3;3;3; ;2004;admin;admin
 ; ;F;7;1494946103498-F7;257;3;3;3; ;2004;admin;admin
 ; ;F;8;1494946103498-F8;258;3;3;3; ;2004;admin;admin
 ; ;F;9;1494946103498-F9;259;3;3;3; ;2004;admin;admin
 ; ;F;10;1494946103498-F10;260;3;3;3; ;2004;admin;admin
 ; ;G;1;1494946103498-G1;261;3;3;3; ;2004;admin;admin
 ; ;G;2;1494946103498-G2;262;3;3;3; ;2004;admin;admin
 ; ;G;3;1494946103498-G3;263;3;3;3; ;2004;admin;admin
 ; ;G;4;1494946103498-G4;264;3;3;3; ;2004;admin;admin
 ; ;G;5;1494946103498-G5;265;3;3;3; ;2004;admin;admin
 ; ;G;6;1494946103498-G6;266;3;3;3; ;2004;admin;admin
 ; ;G;7;1494946103498-G7;267;3;3;3; ;2004;admin;admin
 ; ;G;8;1494946103498-G8;268;3;3;3; ;2004;admin;admin
 ; ;G;9;1494946103498-G9;269;3;3;3; ;2004;admin;admin
 ; ;G;10;1494946103498-G10;270;3;3;3; ;2004;admin;admin
 ; ;H;1;1494946103498-H1;271;3;3;3; ;2004;admin;admin
 ; ;H;2;1494946103498-H2;272;3;3;3; ;2004;admin;admin
 ; ;H;3;1494946103498-H3;273;3;3;3; ;2004;admin;admin
 ; ;H;4;1494946103498-H4;274;3;3;3; ;2004;admin;admin
 ; ;H;5;1494946103498-H5;275;3;3;3; ;2004;admin;admin
 ; ;H;6;1494946103498-H6;276;3;3;3; ;2004;admin;admin
 ; ;H;7;1494946103498-H7;277;3;3;3; ;2004;admin;admin
 ; ;H;8;1494946103498-H8;278;3;3;3; ;2004;admin;admin
 ; ;H;9;1494946103498-H9;279;3;3;3; ;2004;admin;admin
 ; ;H;10;1494946103498-H10;280;3;3;3; ;2004;admin;admin
 ; ;J;1;1494946103498-J1;281;3;3;3; ;2004;admin;admin
 ; ;J;2;1494946103498-J2;282;3;3;3; ;2004;admin;admin
 ; ;J;3;1494946103498-J3;283;3;3;3; ;2004;admin;admin
 ; ;J;4;1494946103498-J4;284;3;3;3; ;2004;admin;admin
 ; ;J;5;1494946103498-J5;285;3;3;3; ;2004;admin;admin
 ; ;J;6;1494946103498-J6;286;3;3;3; ;2004;admin;admin
 ; ;J;7;1494946103498-J7;287;3;3;3; ;2004;admin;admin
 ; ;J;8;1494946103498-J8;288;3;3;3; ;2004;admin;admin
 ; ;J;9;1494946103498-J9;289;3;3;3; ;2004;admin;admin
 ; ;J;10;1494946103498-J10;290;3;3;3; ;2004;admin;admin
 ; ;K;1;1494946103498-K1;291;3;3;3; ;2004;admin;admin
 ; ;K;2;1494946103498-K2;292;3;3;3; ;2004;admin;admin
 ; ;K;3;1494946103498-K3;293;3;3;3; ;2004;admin;admin
 ; ;K;4;1494946103498-K4;294;3;3;3; ;2004;admin;admin
 ; ;K;5;1494946103498-K5;295;3;3;3; ;2004;admin;admin
 ; ;K;6;1494946103498-K6;296;3;3;3; ;2004;admin;admin
 ; ;K;7;1494946103498-K7;297;3;3;3; ;2004;admin;admin
 ; ;K;8;1494946103498-K8;298;3;3;3; ;2004;admin;admin
 ; ;K;9;1494946103498-K9;299;3;3;3; ;2004;admin;admin
 ; ;K;10;1494946103498-K10;300;3;3;3; ;2004;admin;admin
 ; ;H;9;1494946087410-H9;379;4;4;4; ;2004;admin;admin
 ; ;H;10;1494946087410-H10;380;4;4;4; ;2004;admin;admin
 ; ;J;1;1494946087410-J1;381;4;4;4; ;2004;admin;admin
 ; ;J;2;1494946087410-J2;382;4;4;4; ;2004;admin;admin
 ; ;J;3;1494946087410-J3;383;4;4;4; ;2004;admin;admin
 ; ;J;4;1494946087410-J4;384;4;4;4; ;2004;admin;admin
 ; ;J;5;1494946087410-J5;385;4;4;4; ;2004;admin;admin
 ; ;J;6;1494946087410-J6;386;4;4;4; ;2004;admin;admin
 ; ;J;7;1494946087410-J7;387;4;4;4; ;2004;admin;admin
 ; ;J;8;1494946087410-J8;388;4;4;4; ;2004;admin;admin
 ; ;J;9;1494946087410-J9;389;4;4;4; ;2004;admin;admin
 ; ;J;10;1494946087410-J10;390;4;4;4; ;2004;admin;admin
 ; ;K;1;1494946087410-K1;391;4;4;4; ;2004;admin;admin
 ; ;K;2;1494946087410-K2;392;4;4;4; ;2004;admin;admin
 ; ;K;3;1494946087410-K3;393;4;4;4; ;2004;admin;admin
 ; ;K;4;1494946087410-K4;394;4;4;4; ;2004;admin;admin
 ; ;K;5;1494946087410-K5;395;4;4;4; ;2004;admin;admin
 ; ;K;6;1494946087410-K6;396;4;4;4; ;2004;admin;admin
 ; ;K;7;1494946087410-K7;397;4;4;4; ;2004;admin;admin
 ; ;K;8;1494946087410-K8;398;4;4;4; ;2004;admin;admin
 ; ;K;9;1494946087410-K9;399;4;4;4; ;2004;admin;admin
 ; ;K;10;1494946087410-K10;400;4;4;4; ;2004;admin;admin
 ; ;A;1;1494946087410-A1;301;4;4;4; ;2004;admin;admin
 ; ;A;2;1494946087410-A2;302;4;4;4; ;2004;admin;admin
 ; ;A;3;1494946087410-A3;303;4;4;4; ;2004;admin;admin
 ; ;A;4;1494946087410-A4;304;4;4;4; ;2004;admin;admin
 ; ;A;5;1494946087410-A5;305;4;4;4; ;2004;admin;admin
 ; ;A;6;1494946087410-A6;306;4;4;4; ;2004;admin;admin
 ; ;A;7;1494946087410-A7;307;4;4;4; ;2004;admin;admin
 ; ;A;8;1494946087410-A8;308;4;4;4; ;2004;admin;admin
 ; ;A;9;1494946087410-A9;309;4;4;4; ;2004;admin;admin
 ; ;A;10;1494946087410-A10;310;4;4;4; ;2004;admin;admin
 ; ;B;1;1494946087410-B1;311;4;4;4; ;2004;admin;admin
 ; ;B;2;1494946087410-B2;312;4;4;4; ;2004;admin;admin
 ; ;B;3;1494946087410-B3;313;4;4;4; ;2004;admin;admin
 ; ;B;4;1494946087410-B4;314;4;4;4; ;2004;admin;admin
 ; ;B;5;1494946087410-B5;315;4;4;4; ;2004;admin;admin
 ; ;B;6;1494946087410-B6;316;4;4;4; ;2004;admin;admin
 ; ;B;7;1494946087410-B7;317;4;4;4; ;2004;admin;admin
 ; ;B;8;1494946087410-B8;318;4;4;4; ;2004;admin;admin
 ; ;B;9;1494946087410-B9;319;4;4;4; ;2004;admin;admin
 ; ;B;10;1494946087410-B10;320;4;4;4; ;2004;admin;admin
 ; ;C;1;1494946087410-C1;321;4;4;4; ;2004;admin;admin
 ; ;C;2;1494946087410-C2;322;4;4;4; ;2004;admin;admin
 ; ;C;3;1494946087410-C3;323;4;4;4; ;2004;admin;admin
 ; ;C;4;1494946087410-C4;324;4;4;4; ;2004;admin;admin
 ; ;C;5;1494946087410-C5;325;4;4;4; ;2004;admin;admin
 ; ;C;6;1494946087410-C6;326;4;4;4; ;2004;admin;admin
 ; ;C;7;1494946087410-C7;327;4;4;4; ;2004;admin;admin
 ; ;C;8;1494946087410-C8;328;4;4;4; ;2004;admin;admin
 ; ;C;9;1494946087410-C9;329;4;4;4; ;2004;admin;admin
 ; ;C;10;1494946087410-C10;330;4;4;4; ;2004;admin;admin
 ; ;D;1;1494946087410-D1;331;4;4;4; ;2004;admin;admin
 ; ;D;2;1494946087410-D2;332;4;4;4; ;2004;admin;admin
 ; ;D;3;1494946087410-D3;333;4;4;4; ;2004;admin;admin
 ; ;D;4;1494946087410-D4;334;4;4;4; ;2004;admin;admin
 ; ;D;5;1494946087410-D5;335;4;4;4; ;2004;admin;admin
 ; ;D;6;1494946087410-D6;336;4;4;4; ;2004;admin;admin
 ; ;D;7;1494946087410-D7;337;4;4;4; ;2004;admin;admin
 ; ;D;8;1494946087410-D8;338;4;4;4; ;2004;admin;admin
 ; ;D;9;1494946087410-D9;339;4;4;4; ;2004;admin;admin
 ; ;D;10;1494946087410-D10;340;4;4;4; ;2004;admin;admin
 ; ;E;1;1494946087410-E1;341;4;4;4; ;2004;admin;admin
 ; ;E;2;1494946087410-E2;342;4;4;4; ;2004;admin;admin
 ; ;E;3;1494946087410-E3;343;4;4;4; ;2004;admin;admin
 ; ;E;4;1494946087410-E4;344;4;4;4; ;2004;admin;admin
 ; ;E;5;1494946087410-E5;345;4;4;4; ;2004;admin;admin
 ; ;E;6;1494946087410-E6;346;4;4;4; ;2004;admin;admin
 ; ;E;7;1494946087410-E7;347;4;4;4; ;2004;admin;admin
 ; ;E;8;1494946087410-E8;348;4;4;4; ;2004;admin;admin
 ; ;E;9;1494946087410-E9;349;4;4;4; ;2004;admin;admin
 ; ;E;10;1494946087410-E10;350;4;4;4; ;2004;admin;admin
 ; ;F;1;1494946087410-F1;351;4;4;4; ;2004;admin;admin
 ; ;F;2;1494946087410-F2;352;4;4;4; ;2004;admin;admin
 ; ;F;3;1494946087410-F3;353;4;4;4; ;2004;admin;admin
 ; ;F;4;1494946087410-F4;354;4;4;4; ;2004;admin;admin
 ; ;F;5;1494946087410-F5;355;4;4;4; ;2004;admin;admin
 ; ;F;6;1494946087410-F6;356;4;4;4; ;2004;admin;admin
 ; ;F;7;1494946087410-F7;357;4;4;4; ;2004;admin;admin
 ; ;F;8;1494946087410-F8;358;4;4;4; ;2004;admin;admin
 ; ;F;9;1494946087410-F9;359;4;4;4; ;2004;admin;admin
 ; ;F;10;1494946087410-F10;360;4;4;4; ;2004;admin;admin
 ; ;G;1;1494946087410-G1;361;4;4;4; ;2004;admin;admin
 ; ;G;2;1494946087410-G2;362;4;4;4; ;2004;admin;admin
 ; ;G;3;1494946087410-G3;363;4;4;4; ;2004;admin;admin
 ; ;G;4;1494946087410-G4;364;4;4;4; ;2004;admin;admin
 ; ;G;5;1494946087410-G5;365;4;4;4; ;2004;admin;admin
 ; ;G;6;1494946087410-G6;366;4;4;4; ;2004;admin;admin
 ; ;G;7;1494946087410-G7;367;4;4;4; ;2004;admin;admin
 ; ;G;8;1494946087410-G8;368;4;4;4; ;2004;admin;admin
 ; ;G;9;1494946087410-G9;369;4;4;4; ;2004;admin;admin
 ; ;G;10;1494946087410-G10;370;4;4;4; ;2004;admin;admin
 ; ;H;1;1494946087410-H1;371;4;4;4; ;2004;admin;admin
 ; ;H;2;1494946087410-H2;372;4;4;4; ;2004;admin;admin
 ; ;H;3;1494946087410-H3;373;4;4;4; ;2004;admin;admin
 ; ;H;4;1494946087410-H4;374;4;4;4; ;2004;admin;admin
 ; ;H;5;1494946087410-H5;375;4;4;4; ;2004;admin;admin
 ; ;H;6;1494946087410-H6;376;4;4;4; ;2004;admin;admin
 ; ;H;7;1494946087410-H7;377;4;4;4; ;2004;admin;admin
 ; ;H;8;1494946087410-H8;378;4;4;4; ;2004;admin;admin
 ; ;A;1;1494946080752-A1;401;5;5;5; ;2004;admin;admin
 ; ;A;2;1494946080752-A2;402;5;5;5; ;2004;admin;admin
 ; ;C;3;1494946046233-C3;723;8;8;8; ;2004;admin;admin
 ; ;C;4;1494946046233-C4;724;8;8;8; ;2004;admin;admin
 ; ;C;5;1494946046233-C5;725;8;8;8; ;2004;admin;admin
 ; ;C;6;1494946046233-C6;726;8;8;8; ;2004;admin;admin
 ; ;C;7;1494946046233-C7;727;8;8;8; ;2004;admin;admin
 ; ;C;8;1494946046233-C8;728;8;8;8; ;2004;admin;admin
 ; ;C;9;1494946046233-C9;729;8;8;8; ;2004;admin;admin
 ; ;C;10;1494946046233-C10;730;8;8;8; ;2004;admin;admin
 ; ;D;1;1494946046233-D1;731;8;8;8; ;2004;admin;admin
 ; ;D;2;1494946046233-D2;732;8;8;8; ;2004;admin;admin
 ; ;D;3;1494946046233-D3;733;8;8;8; ;2004;admin;admin
 ; ;D;4;1494946046233-D4;734;8;8;8; ;2004;admin;admin
 ; ;D;5;1494946046233-D5;735;8;8;8; ;2004;admin;admin
 ; ;D;6;1494946046233-D6;736;8;8;8; ;2004;admin;admin
 ; ;D;7;1494946046233-D7;737;8;8;8; ;2004;admin;admin
 ; ;D;8;1494946046233-D8;738;8;8;8; ;2004;admin;admin
 ; ;D;9;1494946046233-D9;739;8;8;8; ;2004;admin;admin
 ; ;D;10;1494946046233-D10;740;8;8;8; ;2004;admin;admin
 ; ;E;1;1494946046233-E1;741;8;8;8; ;2004;admin;admin
 ; ;E;2;1494946046233-E2;742;8;8;8; ;2004;admin;admin
 ; ;E;3;1494946046233-E3;743;8;8;8; ;2004;admin;admin
 ; ;E;4;1494946046233-E4;744;8;8;8; ;2004;admin;admin
 ; ;E;5;1494946046233-E5;745;8;8;8; ;2004;admin;admin
 ; ;E;6;1494946046233-E6;746;8;8;8; ;2004;admin;admin
 ; ;E;7;1494946046233-E7;747;8;8;8; ;2004;admin;admin
 ; ;E;8;1494946046233-E8;748;8;8;8; ;2004;admin;admin
 ; ;E;9;1494946046233-E9;749;8;8;8; ;2004;admin;admin
 ; ;E;10;1494946046233-E10;750;8;8;8; ;2004;admin;admin
 ; ;F;1;1494946046233-F1;751;8;8;8; ;2004;admin;admin
 ; ;F;2;1494946046233-F2;752;8;8;8; ;2004;admin;admin
 ; ;F;3;1494946046233-F3;753;8;8;8; ;2004;admin;admin
 ; ;F;4;1494946046233-F4;754;8;8;8; ;2004;admin;admin
 ; ;F;5;1494946046233-F5;755;8;8;8; ;2004;admin;admin
 ; ;F;6;1494946046233-F6;756;8;8;8; ;2004;admin;admin
 ; ;F;7;1494946046233-F7;757;8;8;8; ;2004;admin;admin
 ; ;F;8;1494946046233-F8;758;8;8;8; ;2004;admin;admin
 ; ;F;9;1494946046233-F9;759;8;8;8; ;2004;admin;admin
 ; ;F;10;1494946046233-F10;760;8;8;8; ;2004;admin;admin
 ; ;G;1;1494946046233-G1;761;8;8;8; ;2004;admin;admin
 ; ;G;2;1494946046233-G2;762;8;8;8; ;2004;admin;admin
 ; ;G;3;1494946046233-G3;763;8;8;8; ;2004;admin;admin
 ; ;G;4;1494946046233-G4;764;8;8;8; ;2004;admin;admin
 ; ;G;5;1494946046233-G5;765;8;8;8; ;2004;admin;admin
 ; ;G;6;1494946046233-G6;766;8;8;8; ;2004;admin;admin
 ; ;G;7;1494946046233-G7;767;8;8;8; ;2004;admin;admin
 ; ;G;8;1494946046233-G8;768;8;8;8; ;2004;admin;admin
 ; ;G;9;1494946046233-G9;769;8;8;8; ;2004;admin;admin
 ; ;G;10;1494946046233-G10;770;8;8;8; ;2004;admin;admin
 ; ;H;1;1494946046233-H1;771;8;8;8; ;2004;admin;admin
 ; ;H;2;1494946046233-H2;772;8;8;8; ;2004;admin;admin
 ; ;H;3;1494946046233-H3;773;8;8;8; ;2004;admin;admin
 ; ;H;4;1494946046233-H4;774;8;8;8; ;2004;admin;admin
 ; ;H;5;1494946046233-H5;775;8;8;8; ;2004;admin;admin
 ; ;H;6;1494946046233-H6;776;8;8;8; ;2004;admin;admin
 ; ;H;7;1494946046233-H7;777;8;8;8; ;2004;admin;admin
 ; ;H;8;1494946046233-H8;778;8;8;8; ;2004;admin;admin
 ; ;H;9;1494946046233-H9;779;8;8;8; ;2004;admin;admin
 ; ;H;10;1494946046233-H10;780;8;8;8; ;2004;admin;admin
 ; ;J;1;1494946046233-J1;781;8;8;8; ;2004;admin;admin
 ; ;J;2;1494946046233-J2;782;8;8;8; ;2004;admin;admin
 ; ;J;3;1494946046233-J3;783;8;8;8; ;2004;admin;admin
 ; ;J;4;1494946046233-J4;784;8;8;8; ;2004;admin;admin
 ; ;J;5;1494946046233-J5;785;8;8;8; ;2004;admin;admin
 ; ;J;6;1494946046233-J6;786;8;8;8; ;2004;admin;admin
 ; ;J;7;1494946046233-J7;787;8;8;8; ;2004;admin;admin
 ; ;J;8;1494946046233-J8;788;8;8;8; ;2004;admin;admin
 ; ;J;9;1494946046233-J9;789;8;8;8; ;2004;admin;admin
 ; ;J;10;1494946046233-J10;790;8;8;8; ;2004;admin;admin
 ; ;K;1;1494946046233-K1;791;8;8;8; ;2004;admin;admin
 ; ;K;2;1494946046233-K2;792;8;8;8; ;2004;admin;admin
 ; ;K;3;1494946046233-K3;793;8;8;8; ;2004;admin;admin
 ; ;K;4;1494946046233-K4;794;8;8;8; ;2004;admin;admin
 ; ;K;5;1494946046233-K5;795;8;8;8; ;2004;admin;admin
 ; ;K;6;1494946046233-K6;796;8;8;8; ;2004;admin;admin
 ; ;K;7;1494946046233-K7;797;8;8;8; ;2004;admin;admin
 ; ;K;8;1494946046233-K8;798;8;8;8; ;2004;admin;admin
 ; ;K;9;1494946046233-K9;799;8;8;8; ;2004;admin;admin
 ; ;K;10;1494946046233-K10;800;8;8;8; ;2004;admin;admin
 ; ;A;1;1494946035203-A1;801;9;9;9; ;2004;admin;admin
 ; ;A;2;1494946035203-A2;802;9;9;9; ;2004;admin;admin
 ; ;A;3;1494946035203-A3;803;9;9;9; ;2004;admin;admin
 ; ;A;4;1494946035203-A4;804;9;9;9; ;2004;admin;admin
 ; ;A;5;1494946035203-A5;805;9;9;9; ;2004;admin;admin
 ; ;A;6;1494946035203-A6;806;9;9;9; ;2004;admin;admin
 ; ;A;7;1494946035203-A7;807;9;9;9; ;2004;admin;admin
 ; ;A;8;1494946035203-A8;808;9;9;9; ;2004;admin;admin
 ; ;A;9;1494946035203-A9;809;9;9;9; ;2004;admin;admin
 ; ;A;10;1494946035203-A10;810;9;9;9; ;2004;admin;admin
 ; ;B;1;1494946035203-B1;811;9;9;9; ;2004;admin;admin
 ; ;B;2;1494946035203-B2;812;9;9;9; ;2004;admin;admin
 ; ;B;3;1494946035203-B3;813;9;9;9; ;2004;admin;admin
 ; ;B;4;1494946035203-B4;814;9;9;9; ;2004;admin;admin
 ; ;B;5;1494946035203-B5;815;9;9;9; ;2004;admin;admin
 ; ;B;6;1494946035203-B6;816;9;9;9; ;2004;admin;admin
 ; ;B;7;1494946035203-B7;817;9;9;9; ;2004;admin;admin
 ; ;B;8;1494946035203-B8;818;9;9;9; ;2004;admin;admin
 ; ;B;9;1494946035203-B9;819;9;9;9; ;2004;admin;admin
 ; ;B;10;1494946035203-B10;820;9;9;9; ;2004;admin;admin
 ; ;C;1;1494946035203-C1;821;9;9;9; ;2004;admin;admin
 ; ;C;2;1494946035203-C2;822;9;9;9; ;2004;admin;admin
 ; ;C;3;1494946035203-C3;823;9;9;9; ;2004;admin;admin
 ; ;C;4;1494946035203-C4;824;9;9;9; ;2004;admin;admin
 ; ;C;5;1494946035203-C5;825;9;9;9; ;2004;admin;admin
 ; ;C;6;1494946035203-C6;826;9;9;9; ;2004;admin;admin
 ; ;C;7;1494946035203-C7;827;9;9;9; ;2004;admin;admin
 ; ;C;8;1494946035203-C8;828;9;9;9; ;2004;admin;admin
 ; ;C;9;1494946035203-C9;829;9;9;9; ;2004;admin;admin
 ; ;C;10;1494946035203-C10;830;9;9;9; ;2004;admin;admin
 ; ;D;1;1494946035203-D1;831;9;9;9; ;2004;admin;admin
 ; ;D;2;1494946035203-D2;832;9;9;9; ;2004;admin;admin
 ; ;D;3;1494946035203-D3;833;9;9;9; ;2004;admin;admin
 ; ;D;4;1494946035203-D4;834;9;9;9; ;2004;admin;admin
 ; ;D;5;1494946035203-D5;835;9;9;9; ;2004;admin;admin
 ; ;D;6;1494946035203-D6;836;9;9;9; ;2004;admin;admin
 ; ;D;7;1494946035203-D7;837;9;9;9; ;2004;admin;admin
 ; ;D;8;1494946035203-D8;838;9;9;9; ;2004;admin;admin
 ; ;D;9;1494946035203-D9;839;9;9;9; ;2004;admin;admin
 ; ;D;10;1494946035203-D10;840;9;9;9; ;2004;admin;admin
 ; ;E;1;1494946035203-E1;841;9;9;9; ;2004;admin;admin
 ; ;E;2;1494946035203-E2;842;9;9;9; ;2004;admin;admin
 ; ;E;3;1494946035203-E3;843;9;9;9; ;2004;admin;admin
 ; ;E;4;1494946035203-E4;844;9;9;9; ;2004;admin;admin
 ; ;E;5;1494946035203-E5;845;9;9;9; ;2004;admin;admin
 ; ;E;6;1494946035203-E6;846;9;9;9; ;2004;admin;admin
 ; ;E;7;1494946035203-E7;847;9;9;9; ;2004;admin;admin
 ; ;E;8;1494946035203-E8;848;9;9;9; ;2004;admin;admin
 ; ;E;9;1494946035203-E9;849;9;9;9; ;2004;admin;admin
 ; ;E;10;1494946035203-E10;850;9;9;9; ;2004;admin;admin
 ; ;F;1;1494946035203-F1;851;9;9;9; ;2004;admin;admin
 ; ;F;2;1494946035203-F2;852;9;9;9; ;2004;admin;admin
 ; ;F;3;1494946035203-F3;853;9;9;9; ;2004;admin;admin
 ; ;F;4;1494946035203-F4;854;9;9;9; ;2004;admin;admin
 ; ;F;5;1494946035203-F5;855;9;9;9; ;2004;admin;admin
 ; ;F;6;1494946035203-F6;856;9;9;9; ;2004;admin;admin
 ; ;F;7;1494946035203-F7;857;9;9;9; ;2004;admin;admin
 ; ;F;8;1494946035203-F8;858;9;9;9; ;2004;admin;admin
 ; ;F;9;1494946035203-F9;859;9;9;9; ;2004;admin;admin
 ; ;F;10;1494946035203-F10;860;9;9;9; ;2004;admin;admin
 ; ;G;1;1494946035203-G1;861;9;9;9; ;2004;admin;admin
 ; ;G;2;1494946035203-G2;862;9;9;9; ;2004;admin;admin
 ; ;G;3;1494946035203-G3;863;9;9;9; ;2004;admin;admin
 ; ;G;4;1494946035203-G4;864;9;9;9; ;2004;admin;admin
 ; ;G;5;1494946035203-G5;865;9;9;9; ;2004;admin;admin
 ; ;G;6;1494946035203-G6;866;9;9;9; ;2004;admin;admin
 ; ;G;7;1494946035203-G7;867;9;9;9; ;2004;admin;admin
 ; ;G;8;1494946035203-G8;868;9;9;9; ;2004;admin;admin
 ; ;G;9;1494946035203-G9;869;9;9;9; ;2004;admin;admin
 ; ;G;10;1494946035203-G10;870;9;9;9; ;2004;admin;admin
 ; ;H;1;1494946035203-H1;871;9;9;9; ;2004;admin;admin
 ; ;H;2;1494946035203-H2;872;9;9;9; ;2004;admin;admin
 ; ;H;3;1494946035203-H3;873;9;9;9; ;2004;admin;admin
 ; ;H;4;1494946035203-H4;874;9;9;9; ;2004;admin;admin
 ; ;H;5;1494946035203-H5;875;9;9;9; ;2004;admin;admin
 ; ;H;6;1494946035203-H6;876;9;9;9; ;2004;admin;admin
 ; ;H;7;1494946035203-H7;877;9;9;9; ;2004;admin;admin
 ; ;H;8;1494946035203-H8;878;9;9;9; ;2004;admin;admin
 ; ;H;9;1494946035203-H9;879;9;9;9; ;2004;admin;admin
 ; ;H;10;1494946035203-H10;880;9;9;9; ;2004;admin;admin
 ; ;J;1;1494946035203-J1;881;9;9;9; ;2004;admin;admin
 ; ;J;2;1494946035203-J2;882;9;9;9; ;2004;admin;admin
 ; ;J;3;1494946035203-J3;883;9;9;9; ;2004;admin;admin
 ; ;J;4;1494946035203-J4;884;9;9;9; ;2004;admin;admin
 ; ;J;5;1494946035203-J5;885;9;9;9; ;2004;admin;admin
 ; ;J;6;1494946035203-J6;886;9;9;9; ;2004;admin;admin
 ; ;J;7;1494946035203-J7;887;9;9;9; ;2004;admin;admin
 ; ;J;8;1494946035203-J8;888;9;9;9; ;2004;admin;admin
 ; ;J;9;1494946035203-J9;889;9;9;9; ;2004;admin;admin
 ; ;J;10;1494946035203-J10;890;9;9;9; ;2004;admin;admin
 ; ;K;1;1494946035203-K1;891;9;9;9; ;2004;admin;admin
 ; ;K;2;1494946035203-K2;892;9;9;9; ;2004;admin;admin
 ; ;K;3;1494946035203-K3;893;9;9;9; ;2004;admin;admin
 ; ;K;4;1494946035203-K4;894;9;9;9; ;2004;admin;admin
 ; ;K;5;1494946035203-K5;895;9;9;9; ;2004;admin;admin
 ; ;K;6;1494946035203-K6;896;9;9;9; ;2004;admin;admin
 ; ;K;7;1494946035203-K7;897;9;9;9; ;2004;admin;admin
 ; ;K;8;1494946035203-K8;898;9;9;9; ;2004;admin;admin
 ; ;K;9;1494946035203-K9;899;9;9;9; ;2004;admin;admin
 ; ;K;10;1494946035203-K10;900;9;9;9; ;2004;admin;admin
 ; ;A;1;1494946018973-A1;901;10;10;10; ;2004;admin;admin
 ; ;A;2;1494946018973-A2;902;10;10;10; ;2004;admin;admin
 ; ;A;3;1494946018973-A3;903;10;10;10; ;2004;admin;admin
 ; ;A;4;1494946018973-A4;904;10;10;10; ;2004;admin;admin
 ; ;A;5;1494946018973-A5;905;10;10;10; ;2004;admin;admin
 ; ;A;6;1494946018973-A6;906;10;10;10; ;2004;admin;admin
 ; ;A;7;1494946018973-A7;907;10;10;10; ;2004;admin;admin
 ; ;A;8;1494946018973-A8;908;10;10;10; ;2004;admin;admin
 ; ;A;9;1494946018973-A9;909;10;10;10; ;2004;admin;admin
 ; ;A;10;1494946018973-A10;910;10;10;10; ;2004;admin;admin
 ; ;B;1;1494946018973-B1;911;10;10;10; ;2004;admin;admin
 ; ;B;2;1494946018973-B2;912;10;10;10; ;2004;admin;admin
 ; ;B;3;1494946018973-B3;913;10;10;10; ;2004;admin;admin
 ; ;B;4;1494946018973-B4;914;10;10;10; ;2004;admin;admin
 ; ;B;5;1494946018973-B5;915;10;10;10; ;2004;admin;admin
 ; ;B;6;1494946018973-B6;916;10;10;10; ;2004;admin;admin
 ; ;B;7;1494946018973-B7;917;10;10;10; ;2004;admin;admin
 ; ;B;8;1494946018973-B8;918;10;10;10; ;2004;admin;admin
 ; ;B;9;1494946018973-B9;919;10;10;10; ;2004;admin;admin
 ; ;B;10;1494946018973-B10;920;10;10;10; ;2004;admin;admin
 ; ;C;1;1494946018973-C1;921;10;10;10; ;2004;admin;admin
 ; ;C;2;1494946018973-C2;922;10;10;10; ;2004;admin;admin
 ; ;C;3;1494946018973-C3;923;10;10;10; ;2004;admin;admin
 ; ;C;4;1494946018973-C4;924;10;10;10; ;2004;admin;admin
 ; ;C;5;1494946018973-C5;925;10;10;10; ;2004;admin;admin
 ; ;C;6;1494946018973-C6;926;10;10;10; ;2004;admin;admin
 ; ;C;7;1494946018973-C7;927;10;10;10; ;2004;admin;admin
 ; ;C;8;1494946018973-C8;928;10;10;10; ;2004;admin;admin
 ; ;C;9;1494946018973-C9;929;10;10;10; ;2004;admin;admin
 ; ;C;10;1494946018973-C10;930;10;10;10; ;2004;admin;admin
 ; ;D;1;1494946018973-D1;931;10;10;10; ;2004;admin;admin
 ; ;D;2;1494946018973-D2;932;10;10;10; ;2004;admin;admin
 ; ;D;3;1494946018973-D3;933;10;10;10; ;2004;admin;admin
 ; ;D;4;1494946018973-D4;934;10;10;10; ;2004;admin;admin
 ; ;D;5;1494946018973-D5;935;10;10;10; ;2004;admin;admin
 ; ;D;6;1494946018973-D6;936;10;10;10; ;2004;admin;admin
 ; ;D;7;1494946018973-D7;937;10;10;10; ;2004;admin;admin
 ; ;D;8;1494946018973-D8;938;10;10;10; ;2004;admin;admin
 ; ;D;9;1494946018973-D9;939;10;10;10; ;2004;admin;admin
 ; ;D;10;1494946018973-D10;940;10;10;10; ;2004;admin;admin
 ; ;E;1;1494946018973-E1;941;10;10;10; ;2004;admin;admin
 ; ;E;2;1494946018973-E2;942;10;10;10; ;2004;admin;admin
 ; ;E;3;1494946018973-E3;943;10;10;10; ;2004;admin;admin
 ; ;E;4;1494946018973-E4;944;10;10;10; ;2004;admin;admin
 ; ;E;5;1494946018973-E5;945;10;10;10; ;2004;admin;admin
 ; ;E;6;1494946018973-E6;946;10;10;10; ;2004;admin;admin
 ; ;E;7;1494946018973-E7;947;10;10;10; ;2004;admin;admin
 ; ;E;8;1494946018973-E8;948;10;10;10; ;2004;admin;admin
 ; ;E;9;1494946018973-E9;949;10;10;10; ;2004;admin;admin
 ; ;E;10;1494946018973-E10;950;10;10;10; ;2004;admin;admin
 ; ;F;1;1494946018973-F1;951;10;10;10; ;2004;admin;admin
 ; ;F;2;1494946018973-F2;952;10;10;10; ;2004;admin;admin
 ; ;F;3;1494946018973-F3;953;10;10;10; ;2004;admin;admin
 ; ;F;4;1494946018973-F4;954;10;10;10; ;2004;admin;admin
 ; ;F;5;1494946018973-F5;955;10;10;10; ;2004;admin;admin
 ; ;F;6;1494946018973-F6;956;10;10;10; ;2004;admin;admin
 ; ;F;7;1494946018973-F7;957;10;10;10; ;2004;admin;admin
 ; ;F;8;1494946018973-F8;958;10;10;10; ;2004;admin;admin
 ; ;F;9;1494946018973-F9;959;10;10;10; ;2004;admin;admin
 ; ;F;10;1494946018973-F10;960;10;10;10; ;2004;admin;admin
 ; ;G;1;1494946018973-G1;961;10;10;10; ;2004;admin;admin
 ; ;G;2;1494946018973-G2;962;10;10;10; ;2004;admin;admin
 ; ;G;3;1494946018973-G3;963;10;10;10; ;2004;admin;admin
 ; ;G;4;1494946018973-G4;964;10;10;10; ;2004;admin;admin
 ; ;G;5;1494946018973-G5;965;10;10;10; ;2004;admin;admin
 ; ;G;6;1494946018973-G6;966;10;10;10; ;2004;admin;admin
 ; ;G;7;1494946018973-G7;967;10;10;10; ;2004;admin;admin
 ; ;G;8;1494946018973-G8;968;10;10;10; ;2004;admin;admin
 ; ;G;9;1494946018973-G9;969;10;10;10; ;2004;admin;admin
 ; ;G;10;1494946018973-G10;970;10;10;10; ;2004;admin;admin
 ; ;H;1;1494946018973-H1;971;10;10;10; ;2004;admin;admin
 ; ;H;2;1494946018973-H2;972;10;10;10; ;2004;admin;admin
 ; ;H;3;1494946018973-H3;973;10;10;10; ;2004;admin;admin
 ; ;H;4;1494946018973-H4;974;10;10;10; ;2004;admin;admin
 ; ;H;5;1494946018973-H5;975;10;10;10; ;2004;admin;admin
 ; ;H;6;1494946018973-H6;976;10;10;10; ;2004;admin;admin
 ; ;H;7;1494946018973-H7;977;10;10;10; ;2004;admin;admin
 ; ;H;8;1494946018973-H8;978;10;10;10; ;2004;admin;admin
 ; ;H;9;1494946018973-H9;979;10;10;10; ;2004;admin;admin
 ; ;H;10;1494946018973-H10;980;10;10;10; ;2004;admin;admin
 ; ;J;1;1494946018973-J1;981;10;10;10; ;2004;admin;admin
 ; ;J;2;1494946018973-J2;982;10;10;10; ;2004;admin;admin
 ; ;J;3;1494946018973-J3;983;10;10;10; ;2004;admin;admin
 ; ;J;4;1494946018973-J4;984;10;10;10; ;2004;admin;admin
 ; ;J;5;1494946018973-J5;985;10;10;10; ;2004;admin;admin
 ; ;J;6;1494946018973-J6;986;10;10;10; ;2004;admin;admin
 ; ;J;7;1494946018973-J7;987;10;10;10; ;2004;admin;admin
 ; ;J;8;1494946018973-J8;988;10;10;10; ;2004;admin;admin
 ; ;J;9;1494946018973-J9;989;10;10;10; ;2004;admin;admin
 ; ;J;10;1494946018973-J10;990;10;10;10; ;2004;admin;admin
 ; ;K;1;1494946018973-K1;991;10;10;10; ;2004;admin;admin
 ; ;K;2;1494946018973-K2;992;10;10;10; ;2004;admin;admin
 ; ;K;3;1494946018973-K3;993;10;10;10; ;2004;admin;admin
 ; ;K;4;1494946018973-K4;994;10;10;10; ;2004;admin;admin
 ; ;K;5;1494946018973-K5;995;10;10;10; ;2004;admin;admin
 ; ;K;6;1494946018973-K6;996;10;10;10; ;2004;admin;admin
 ; ;K;7;1494946018973-K7;997;10;10;10; ;2004;admin;admin
 ; ;K;8;1494946018973-K8;998;10;10;10; ;2004;admin;admin
 ; ;K;9;1494946018973-K9;999;10;10;10; ;2004;admin;admin
 ; ;K;10;1494946018973-K10;1000;10;10;10; ;2004;admin;admin
 ; ;A;3;1494946080752-A3;403;5;5;5; ;2004;admin;admin
 ; ;A;4;1494946080752-A4;404;5;5;5; ;2004;admin;admin
 ; ;A;5;1494946080752-A5;405;5;5;5; ;2004;admin;admin
 ; ;A;6;1494946080752-A6;406;5;5;5; ;2004;admin;admin
 ; ;A;7;1494946080752-A7;407;5;5;5; ;2004;admin;admin
 ; ;A;8;1494946080752-A8;408;5;5;5; ;2004;admin;admin
 ; ;A;9;1494946080752-A9;409;5;5;5; ;2004;admin;admin
 ; ;A;10;1494946080752-A10;410;5;5;5; ;2004;admin;admin
 ; ;B;1;1494946080752-B1;411;5;5;5; ;2004;admin;admin
 ; ;B;2;1494946080752-B2;412;5;5;5; ;2004;admin;admin
 ; ;B;3;1494946080752-B3;413;5;5;5; ;2004;admin;admin
 ; ;B;4;1494946080752-B4;414;5;5;5; ;2004;admin;admin
 ; ;B;5;1494946080752-B5;415;5;5;5; ;2004;admin;admin
 ; ;B;6;1494946080752-B6;416;5;5;5; ;2004;admin;admin
 ; ;B;7;1494946080752-B7;417;5;5;5; ;2004;admin;admin
 ; ;B;8;1494946080752-B8;418;5;5;5; ;2004;admin;admin
 ; ;B;9;1494946080752-B9;419;5;5;5; ;2004;admin;admin
 ; ;B;10;1494946080752-B10;420;5;5;5; ;2004;admin;admin
 ; ;C;1;1494946080752-C1;421;5;5;5; ;2004;admin;admin
 ; ;C;2;1494946080752-C2;422;5;5;5; ;2004;admin;admin
 ; ;C;3;1494946080752-C3;423;5;5;5; ;2004;admin;admin
 ; ;C;4;1494946080752-C4;424;5;5;5; ;2004;admin;admin
 ; ;C;5;1494946080752-C5;425;5;5;5; ;2004;admin;admin
 ; ;C;6;1494946080752-C6;426;5;5;5; ;2004;admin;admin
 ; ;C;7;1494946080752-C7;427;5;5;5; ;2004;admin;admin
 ; ;C;8;1494946080752-C8;428;5;5;5; ;2004;admin;admin
 ; ;C;9;1494946080752-C9;429;5;5;5; ;2004;admin;admin
 ; ;C;10;1494946080752-C10;430;5;5;5; ;2004;admin;admin
 ; ;D;1;1494946080752-D1;431;5;5;5; ;2004;admin;admin
 ; ;D;2;1494946080752-D2;432;5;5;5; ;2004;admin;admin
 ; ;D;3;1494946080752-D3;433;5;5;5; ;2004;admin;admin
 ; ;D;4;1494946080752-D4;434;5;5;5; ;2004;admin;admin
 ; ;D;5;1494946080752-D5;435;5;5;5; ;2004;admin;admin
 ; ;D;6;1494946080752-D6;436;5;5;5; ;2004;admin;admin
 ; ;D;7;1494946080752-D7;437;5;5;5; ;2004;admin;admin
 ; ;D;8;1494946080752-D8;438;5;5;5; ;2004;admin;admin
 ; ;D;9;1494946080752-D9;439;5;5;5; ;2004;admin;admin
 ; ;D;10;1494946080752-D10;440;5;5;5; ;2004;admin;admin
 ; ;E;1;1494946080752-E1;441;5;5;5; ;2004;admin;admin
 ; ;E;2;1494946080752-E2;442;5;5;5; ;2004;admin;admin
 ; ;E;3;1494946080752-E3;443;5;5;5; ;2004;admin;admin
 ; ;E;4;1494946080752-E4;444;5;5;5; ;2004;admin;admin
 ; ;E;5;1494946080752-E5;445;5;5;5; ;2004;admin;admin
 ; ;E;6;1494946080752-E6;446;5;5;5; ;2004;admin;admin
 ; ;E;7;1494946080752-E7;447;5;5;5; ;2004;admin;admin
 ; ;E;8;1494946080752-E8;448;5;5;5; ;2004;admin;admin
 ; ;E;9;1494946080752-E9;449;5;5;5; ;2004;admin;admin
 ; ;E;10;1494946080752-E10;450;5;5;5; ;2004;admin;admin
 ; ;F;1;1494946080752-F1;451;5;5;5; ;2004;admin;admin
 ; ;F;2;1494946080752-F2;452;5;5;5; ;2004;admin;admin
 ; ;F;3;1494946080752-F3;453;5;5;5; ;2004;admin;admin
 ; ;F;4;1494946080752-F4;454;5;5;5; ;2004;admin;admin
 ; ;F;5;1494946080752-F5;455;5;5;5; ;2004;admin;admin
 ; ;F;6;1494946080752-F6;456;5;5;5; ;2004;admin;admin
 ; ;F;7;1494946080752-F7;457;5;5;5; ;2004;admin;admin
 ; ;F;8;1494946080752-F8;458;5;5;5; ;2004;admin;admin
 ; ;F;9;1494946080752-F9;459;5;5;5; ;2004;admin;admin
 ; ;F;10;1494946080752-F10;460;5;5;5; ;2004;admin;admin
 ; ;G;1;1494946080752-G1;461;5;5;5; ;2004;admin;admin
 ; ;G;2;1494946080752-G2;462;5;5;5; ;2004;admin;admin
 ; ;G;3;1494946080752-G3;463;5;5;5; ;2004;admin;admin
 ; ;G;4;1494946080752-G4;464;5;5;5; ;2004;admin;admin
 ; ;G;5;1494946080752-G5;465;5;5;5; ;2004;admin;admin
 ; ;G;6;1494946080752-G6;466;5;5;5; ;2004;admin;admin
 ; ;G;7;1494946080752-G7;467;5;5;5; ;2004;admin;admin
 ; ;G;8;1494946080752-G8;468;5;5;5; ;2004;admin;admin
 ; ;G;9;1494946080752-G9;469;5;5;5; ;2004;admin;admin
 ; ;G;10;1494946080752-G10;470;5;5;5; ;2004;admin;admin
 ; ;H;1;1494946080752-H1;471;5;5;5; ;2004;admin;admin
 ; ;H;2;1494946080752-H2;472;5;5;5; ;2004;admin;admin
 ; ;H;3;1494946080752-H3;473;5;5;5; ;2004;admin;admin
 ; ;H;4;1494946080752-H4;474;5;5;5; ;2004;admin;admin
 ; ;H;5;1494946080752-H5;475;5;5;5; ;2004;admin;admin
 ; ;H;6;1494946080752-H6;476;5;5;5; ;2004;admin;admin
 ; ;H;7;1494946080752-H7;477;5;5;5; ;2004;admin;admin
 ; ;H;8;1494946080752-H8;478;5;5;5; ;2004;admin;admin
 ; ;H;9;1494946080752-H9;479;5;5;5; ;2004;admin;admin
 ; ;H;10;1494946080752-H10;480;5;5;5; ;2004;admin;admin
 ; ;J;1;1494946080752-J1;481;5;5;5; ;2004;admin;admin
 ; ;J;2;1494946080752-J2;482;5;5;5; ;2004;admin;admin
 ; ;J;3;1494946080752-J3;483;5;5;5; ;2004;admin;admin
 ; ;J;4;1494946080752-J4;484;5;5;5; ;2004;admin;admin
 ; ;J;5;1494946080752-J5;485;5;5;5; ;2004;admin;admin
 ; ;J;6;1494946080752-J6;486;5;5;5; ;2004;admin;admin
 ; ;J;7;1494946080752-J7;487;5;5;5; ;2004;admin;admin
 ; ;J;8;1494946080752-J8;488;5;5;5; ;2004;admin;admin
 ; ;J;9;1494946080752-J9;489;5;5;5; ;2004;admin;admin
 ; ;J;10;1494946080752-J10;490;5;5;5; ;2004;admin;admin
 ; ;K;1;1494946080752-K1;491;5;5;5; ;2004;admin;admin
 ; ;K;2;1494946080752-K2;492;5;5;5; ;2004;admin;admin
 ; ;K;3;1494946080752-K3;493;5;5;5; ;2004;admin;admin
 ; ;K;4;1494946080752-K4;494;5;5;5; ;2004;admin;admin
 ; ;K;5;1494946080752-K5;495;5;5;5; ;2004;admin;admin
 ; ;K;6;1494946080752-K6;496;5;5;5; ;2004;admin;admin
 ; ;K;7;1494946080752-K7;497;5;5;5; ;2004;admin;admin
 ; ;K;8;1494946080752-K8;498;5;5;5; ;2004;admin;admin
 ; ;K;9;1494946080752-K9;499;5;5;5; ;2004;admin;admin
 ; ;K;10;1494946080752-K10;500;5;5;5; ;2004;admin;admin
 ; ;A;1;1494946070517-A1;501;6;6;6; ;2004;admin;admin
 ; ;A;2;1494946070517-A2;502;6;6;6; ;2004;admin;admin
 ; ;A;3;1494946070517-A3;503;6;6;6; ;2004;admin;admin
 ; ;A;4;1494946070517-A4;504;6;6;6; ;2004;admin;admin
 ; ;A;5;1494946070517-A5;505;6;6;6; ;2004;admin;admin
 ; ;A;6;1494946070517-A6;506;6;6;6; ;2004;admin;admin
 ; ;A;7;1494946070517-A7;507;6;6;6; ;2004;admin;admin
 ; ;A;8;1494946070517-A8;508;6;6;6; ;2004;admin;admin
 ; ;A;9;1494946070517-A9;509;6;6;6; ;2004;admin;admin
 ; ;A;10;1494946070517-A10;510;6;6;6; ;2004;admin;admin
 ; ;B;1;1494946070517-B1;511;6;6;6; ;2004;admin;admin
 ; ;B;2;1494946070517-B2;512;6;6;6; ;2004;admin;admin
 ; ;B;3;1494946070517-B3;513;6;6;6; ;2004;admin;admin
 ; ;B;4;1494946070517-B4;514;6;6;6; ;2004;admin;admin
 ; ;B;5;1494946070517-B5;515;6;6;6; ;2004;admin;admin
 ; ;B;6;1494946070517-B6;516;6;6;6; ;2004;admin;admin
 ; ;B;7;1494946070517-B7;517;6;6;6; ;2004;admin;admin
 ; ;B;8;1494946070517-B8;518;6;6;6; ;2004;admin;admin
 ; ;B;9;1494946070517-B9;519;6;6;6; ;2004;admin;admin
 ; ;B;10;1494946070517-B10;520;6;6;6; ;2004;admin;admin
 ; ;C;1;1494946070517-C1;521;6;6;6; ;2004;admin;admin
 ; ;C;2;1494946070517-C2;522;6;6;6; ;2004;admin;admin
 ; ;C;3;1494946070517-C3;523;6;6;6; ;2004;admin;admin
 ; ;C;4;1494946070517-C4;524;6;6;6; ;2004;admin;admin
 ; ;C;5;1494946070517-C5;525;6;6;6; ;2004;admin;admin
 ; ;C;6;1494946070517-C6;526;6;6;6; ;2004;admin;admin
 ; ;C;7;1494946070517-C7;527;6;6;6; ;2004;admin;admin
 ; ;C;8;1494946070517-C8;528;6;6;6; ;2004;admin;admin
 ; ;C;9;1494946070517-C9;529;6;6;6; ;2004;admin;admin
 ; ;C;10;1494946070517-C10;530;6;6;6; ;2004;admin;admin
 ; ;D;1;1494946070517-D1;531;6;6;6; ;2004;admin;admin
 ; ;D;2;1494946070517-D2;532;6;6;6; ;2004;admin;admin
 ; ;D;3;1494946070517-D3;533;6;6;6; ;2004;admin;admin
 ; ;D;4;1494946070517-D4;534;6;6;6; ;2004;admin;admin
 ; ;D;5;1494946070517-D5;535;6;6;6; ;2004;admin;admin
 ; ;D;6;1494946070517-D6;536;6;6;6; ;2004;admin;admin
 ; ;D;7;1494946070517-D7;537;6;6;6; ;2004;admin;admin
 ; ;D;8;1494946070517-D8;538;6;6;6; ;2004;admin;admin
 ; ;D;9;1494946070517-D9;539;6;6;6; ;2004;admin;admin
 ; ;D;10;1494946070517-D10;540;6;6;6; ;2004;admin;admin
 ; ;E;1;1494946070517-E1;541;6;6;6; ;2004;admin;admin
 ; ;E;2;1494946070517-E2;542;6;6;6; ;2004;admin;admin
 ; ;E;3;1494946070517-E3;543;6;6;6; ;2004;admin;admin
 ; ;E;4;1494946070517-E4;544;6;6;6; ;2004;admin;admin
 ; ;E;5;1494946070517-E5;545;6;6;6; ;2004;admin;admin
 ; ;E;6;1494946070517-E6;546;6;6;6; ;2004;admin;admin
 ; ;E;7;1494946070517-E7;547;6;6;6; ;2004;admin;admin
 ; ;E;8;1494946070517-E8;548;6;6;6; ;2004;admin;admin
 ; ;E;9;1494946070517-E9;549;6;6;6; ;2004;admin;admin
 ; ;E;10;1494946070517-E10;550;6;6;6; ;2004;admin;admin
 ; ;F;1;1494946070517-F1;551;6;6;6; ;2004;admin;admin
 ; ;F;2;1494946070517-F2;552;6;6;6; ;2004;admin;admin
 ; ;F;3;1494946070517-F3;553;6;6;6; ;2004;admin;admin
 ; ;F;4;1494946070517-F4;554;6;6;6; ;2004;admin;admin
 ; ;F;5;1494946070517-F5;555;6;6;6; ;2004;admin;admin
 ; ;F;6;1494946070517-F6;556;6;6;6; ;2004;admin;admin
 ; ;F;7;1494946070517-F7;557;6;6;6; ;2004;admin;admin
 ; ;F;8;1494946070517-F8;558;6;6;6; ;2004;admin;admin
 ; ;F;9;1494946070517-F9;559;6;6;6; ;2004;admin;admin
 ; ;F;10;1494946070517-F10;560;6;6;6; ;2004;admin;admin
 ; ;G;1;1494946070517-G1;561;6;6;6; ;2004;admin;admin
 ; ;G;2;1494946070517-G2;562;6;6;6; ;2004;admin;admin
 ; ;G;3;1494946070517-G3;563;6;6;6; ;2004;admin;admin
 ; ;G;4;1494946070517-G4;564;6;6;6; ;2004;admin;admin
 ; ;G;5;1494946070517-G5;565;6;6;6; ;2004;admin;admin
 ; ;G;6;1494946070517-G6;566;6;6;6; ;2004;admin;admin
 ; ;G;7;1494946070517-G7;567;6;6;6; ;2004;admin;admin
 ; ;G;8;1494946070517-G8;568;6;6;6; ;2004;admin;admin
 ; ;G;9;1494946070517-G9;569;6;6;6; ;2004;admin;admin
 ; ;G;10;1494946070517-G10;570;6;6;6; ;2004;admin;admin
 ; ;H;1;1494946070517-H1;571;6;6;6; ;2004;admin;admin
 ; ;H;2;1494946070517-H2;572;6;6;6; ;2004;admin;admin
 ; ;H;3;1494946070517-H3;573;6;6;6; ;2004;admin;admin
 ; ;H;4;1494946070517-H4;574;6;6;6; ;2004;admin;admin
 ; ;H;5;1494946070517-H5;575;6;6;6; ;2004;admin;admin
 ; ;H;6;1494946070517-H6;576;6;6;6; ;2004;admin;admin
 ; ;H;7;1494946070517-H7;577;6;6;6; ;2004;admin;admin
 ; ;H;8;1494946070517-H8;578;6;6;6; ;2004;admin;admin
 ; ;H;9;1494946070517-H9;579;6;6;6; ;2004;admin;admin
 ; ;H;10;1494946070517-H10;580;6;6;6; ;2004;admin;admin
 ; ;J;1;1494946070517-J1;581;6;6;6; ;2004;admin;admin
 ; ;J;2;1494946070517-J2;582;6;6;6; ;2004;admin;admin
 ; ;J;3;1494946070517-J3;583;6;6;6; ;2004;admin;admin
 ; ;J;4;1494946070517-J4;584;6;6;6; ;2004;admin;admin
 ; ;J;5;1494946070517-J5;585;6;6;6; ;2004;admin;admin
 ; ;J;6;1494946070517-J6;586;6;6;6; ;2004;admin;admin
 ; ;J;7;1494946070517-J7;587;6;6;6; ;2004;admin;admin
 ; ;J;8;1494946070517-J8;588;6;6;6; ;2004;admin;admin
 ; ;J;9;1494946070517-J9;589;6;6;6; ;2004;admin;admin
 ; ;J;10;1494946070517-J10;590;6;6;6; ;2004;admin;admin
 ; ;K;1;1494946070517-K1;591;6;6;6; ;2004;admin;admin
 ; ;K;2;1494946070517-K2;592;6;6;6; ;2004;admin;admin
 ; ;K;3;1494946070517-K3;593;6;6;6; ;2004;admin;admin
 ; ;K;4;1494946070517-K4;594;6;6;6; ;2004;admin;admin
 ; ;K;5;1494946070517-K5;595;6;6;6; ;2004;admin;admin
 ; ;K;6;1494946070517-K6;596;6;6;6; ;2004;admin;admin
 ; ;K;7;1494946070517-K7;597;6;6;6; ;2004;admin;admin
 ; ;K;8;1494946070517-K8;598;6;6;6; ;2004;admin;admin
 ; ;K;9;1494946070517-K9;599;6;6;6; ;2004;admin;admin
 ; ;K;10;1494946070517-K10;600;6;6;6; ;2004;admin;admin
 ; ;H;3;1494946056637-H3;673;7;7;7; ;2004;admin;admin
 ; ;H;4;1494946056637-H4;674;7;7;7; ;2004;admin;admin
 ; ;H;5;1494946056637-H5;675;7;7;7; ;2004;admin;admin
 ; ;H;6;1494946056637-H6;676;7;7;7; ;2004;admin;admin
 ; ;H;7;1494946056637-H7;677;7;7;7; ;2004;admin;admin
 ; ;H;8;1494946056637-H8;678;7;7;7; ;2004;admin;admin
 ; ;H;9;1494946056637-H9;679;7;7;7; ;2004;admin;admin
 ; ;H;10;1494946056637-H10;680;7;7;7; ;2004;admin;admin
 ; ;J;1;1494946056637-J1;681;7;7;7; ;2004;admin;admin
 ; ;J;2;1494946056637-J2;682;7;7;7; ;2004;admin;admin
 ; ;J;3;1494946056637-J3;683;7;7;7; ;2004;admin;admin
 ; ;J;4;1494946056637-J4;684;7;7;7; ;2004;admin;admin
 ; ;J;5;1494946056637-J5;685;7;7;7; ;2004;admin;admin
 ; ;J;6;1494946056637-J6;686;7;7;7; ;2004;admin;admin
 ; ;J;7;1494946056637-J7;687;7;7;7; ;2004;admin;admin
 ; ;J;8;1494946056637-J8;688;7;7;7; ;2004;admin;admin
 ; ;J;9;1494946056637-J9;689;7;7;7; ;2004;admin;admin
 ; ;J;10;1494946056637-J10;690;7;7;7; ;2004;admin;admin
 ; ;K;1;1494946056637-K1;691;7;7;7; ;2004;admin;admin
 ; ;K;2;1494946056637-K2;692;7;7;7; ;2004;admin;admin
 ; ;K;3;1494946056637-K3;693;7;7;7; ;2004;admin;admin
 ; ;K;4;1494946056637-K4;694;7;7;7; ;2004;admin;admin
 ; ;K;5;1494946056637-K5;695;7;7;7; ;2004;admin;admin
 ; ;K;6;1494946056637-K6;696;7;7;7; ;2004;admin;admin
 ; ;K;7;1494946056637-K7;697;7;7;7; ;2004;admin;admin
 ; ;K;8;1494946056637-K8;698;7;7;7; ;2004;admin;admin
 ; ;K;9;1494946056637-K9;699;7;7;7; ;2004;admin;admin
 ; ;K;10;1494946056637-K10;700;7;7;7; ;2004;admin;admin
 ; ;A;1;1494946056637-A1;601;7;7;7; ;2004;admin;admin
 ; ;A;2;1494946056637-A2;602;7;7;7; ;2004;admin;admin
 ; ;A;3;1494946056637-A3;603;7;7;7; ;2004;admin;admin
 ; ;A;4;1494946056637-A4;604;7;7;7; ;2004;admin;admin
 ; ;A;5;1494946056637-A5;605;7;7;7; ;2004;admin;admin
 ; ;A;6;1494946056637-A6;606;7;7;7; ;2004;admin;admin
 ; ;A;7;1494946056637-A7;607;7;7;7; ;2004;admin;admin
 ; ;A;8;1494946056637-A8;608;7;7;7; ;2004;admin;admin
 ; ;A;9;1494946056637-A9;609;7;7;7; ;2004;admin;admin
 ; ;A;10;1494946056637-A10;610;7;7;7; ;2004;admin;admin
 ; ;B;1;1494946056637-B1;611;7;7;7; ;2004;admin;admin
 ; ;B;2;1494946056637-B2;612;7;7;7; ;2004;admin;admin
 ; ;B;3;1494946056637-B3;613;7;7;7; ;2004;admin;admin
 ; ;B;4;1494946056637-B4;614;7;7;7; ;2004;admin;admin
 ; ;B;5;1494946056637-B5;615;7;7;7; ;2004;admin;admin
 ; ;B;6;1494946056637-B6;616;7;7;7; ;2004;admin;admin
 ; ;B;7;1494946056637-B7;617;7;7;7; ;2004;admin;admin
 ; ;B;8;1494946056637-B8;618;7;7;7; ;2004;admin;admin
 ; ;B;9;1494946056637-B9;619;7;7;7; ;2004;admin;admin
 ; ;B;10;1494946056637-B10;620;7;7;7; ;2004;admin;admin
 ; ;C;1;1494946056637-C1;621;7;7;7; ;2004;admin;admin
 ; ;C;2;1494946056637-C2;622;7;7;7; ;2004;admin;admin
 ; ;C;3;1494946056637-C3;623;7;7;7; ;2004;admin;admin
 ; ;C;4;1494946056637-C4;624;7;7;7; ;2004;admin;admin
 ; ;C;5;1494946056637-C5;625;7;7;7; ;2004;admin;admin
 ; ;C;6;1494946056637-C6;626;7;7;7; ;2004;admin;admin
 ; ;C;7;1494946056637-C7;627;7;7;7; ;2004;admin;admin
 ; ;C;8;1494946056637-C8;628;7;7;7; ;2004;admin;admin
 ; ;C;9;1494946056637-C9;629;7;7;7; ;2004;admin;admin
 ; ;C;10;1494946056637-C10;630;7;7;7; ;2004;admin;admin
 ; ;D;1;1494946056637-D1;631;7;7;7; ;2004;admin;admin
 ; ;D;2;1494946056637-D2;632;7;7;7; ;2004;admin;admin
 ; ;D;3;1494946056637-D3;633;7;7;7; ;2004;admin;admin
 ; ;D;4;1494946056637-D4;634;7;7;7; ;2004;admin;admin
 ; ;D;5;1494946056637-D5;635;7;7;7; ;2004;admin;admin
 ; ;D;6;1494946056637-D6;636;7;7;7; ;2004;admin;admin
 ; ;D;7;1494946056637-D7;637;7;7;7; ;2004;admin;admin
 ; ;D;8;1494946056637-D8;638;7;7;7; ;2004;admin;admin
 ; ;D;9;1494946056637-D9;639;7;7;7; ;2004;admin;admin
 ; ;D;10;1494946056637-D10;640;7;7;7; ;2004;admin;admin
 ; ;E;1;1494946056637-E1;641;7;7;7; ;2004;admin;admin
 ; ;E;2;1494946056637-E2;642;7;7;7; ;2004;admin;admin
 ; ;E;3;1494946056637-E3;643;7;7;7; ;2004;admin;admin
 ; ;E;4;1494946056637-E4;644;7;7;7; ;2004;admin;admin
 ; ;E;5;1494946056637-E5;645;7;7;7; ;2004;admin;admin
 ; ;E;6;1494946056637-E6;646;7;7;7; ;2004;admin;admin
 ; ;E;7;1494946056637-E7;647;7;7;7; ;2004;admin;admin
 ; ;E;8;1494946056637-E8;648;7;7;7; ;2004;admin;admin
 ; ;E;9;1494946056637-E9;649;7;7;7; ;2004;admin;admin
 ; ;E;10;1494946056637-E10;650;7;7;7; ;2004;admin;admin
 ; ;F;1;1494946056637-F1;651;7;7;7; ;2004;admin;admin
 ; ;F;2;1494946056637-F2;652;7;7;7; ;2004;admin;admin
 ; ;F;3;1494946056637-F3;653;7;7;7; ;2004;admin;admin
 ; ;F;4;1494946056637-F4;654;7;7;7; ;2004;admin;admin
 ; ;F;5;1494946056637-F5;655;7;7;7; ;2004;admin;admin
 ; ;F;6;1494946056637-F6;656;7;7;7; ;2004;admin;admin
 ; ;F;7;1494946056637-F7;657;7;7;7; ;2004;admin;admin
 ; ;F;8;1494946056637-F8;658;7;7;7; ;2004;admin;admin
 ; ;F;9;1494946056637-F9;659;7;7;7; ;2004;admin;admin
 ; ;F;10;1494946056637-F10;660;7;7;7; ;2004;admin;admin
 ; ;G;1;1494946056637-G1;661;7;7;7; ;2004;admin;admin
 ; ;G;2;1494946056637-G2;662;7;7;7; ;2004;admin;admin
 ; ;G;3;1494946056637-G3;663;7;7;7; ;2004;admin;admin
 ; ;G;4;1494946056637-G4;664;7;7;7; ;2004;admin;admin
 ; ;G;5;1494946056637-G5;665;7;7;7; ;2004;admin;admin
 ; ;G;6;1494946056637-G6;666;7;7;7; ;2004;admin;admin
 ; ;G;7;1494946056637-G7;667;7;7;7; ;2004;admin;admin
 ; ;G;8;1494946056637-G8;668;7;7;7; ;2004;admin;admin
 ; ;G;9;1494946056637-G9;669;7;7;7; ;2004;admin;admin
 ; ;G;10;1494946056637-G10;670;7;7;7; ;2004;admin;admin
 ; ;H;1;1494946056637-H1;671;7;7;7; ;2004;admin;admin
 ; ;H;2;1494946056637-H2;672;7;7;7; ;2004;admin;admin
 ; ;A;1;1494946046233-A1;701;8;8;8; ;2004;admin;admin
 ; ;A;2;1494946046233-A2;702;8;8;8; ;2004;admin;admin
 ; ;A;3;1494946046233-A3;703;8;8;8; ;2004;admin;admin
 ; ;A;4;1494946046233-A4;704;8;8;8; ;2004;admin;admin
 ; ;A;5;1494946046233-A5;705;8;8;8; ;2004;admin;admin
 ; ;A;6;1494946046233-A6;706;8;8;8; ;2004;admin;admin
 ; ;A;7;1494946046233-A7;707;8;8;8; ;2004;admin;admin
 ; ;A;8;1494946046233-A8;708;8;8;8; ;2004;admin;admin
 ; ;A;9;1494946046233-A9;709;8;8;8; ;2004;admin;admin
 ; ;A;10;1494946046233-A10;710;8;8;8; ;2004;admin;admin
 ; ;B;1;1494946046233-B1;711;8;8;8; ;2004;admin;admin
 ; ;B;2;1494946046233-B2;712;8;8;8; ;2004;admin;admin
 ; ;B;3;1494946046233-B3;713;8;8;8; ;2004;admin;admin
 ; ;B;4;1494946046233-B4;714;8;8;8; ;2004;admin;admin
 ; ;B;5;1494946046233-B5;715;8;8;8; ;2004;admin;admin
 ; ;B;6;1494946046233-B6;716;8;8;8; ;2004;admin;admin
 ; ;B;7;1494946046233-B7;717;8;8;8; ;2004;admin;admin
 ; ;B;8;1494946046233-B8;718;8;8;8; ;2004;admin;admin
 ; ;B;9;1494946046233-B9;719;8;8;8; ;2004;admin;admin
 ; ;B;10;1494946046233-B10;720;8;8;8; ;2004;admin;admin
 ; ;C;1;1494946046233-C1;721;8;8;8; ;2004;admin;admin
 ; ;C;2;1494946046233-C2;722;8;8;8; ;2004;admin;admin
